<?xml version="1.0" encoding="UTF-8"?>
<project-private xmlns="http://www.netbeans.org/ns/project-private/1">
    <editor-bookmarks xmlns="http://www.netbeans.org/ns/editor-bookmarks/2" lastBookmarkId="0"/>
    <open-files xmlns="http://www.netbeans.org/ns/projectui-open-files/2">
        <group>
            <file>file:/G:/task%204/Task3.2/examples.c</file>
            <file>file:/G:/task%204/Task3.2/prologue.c</file>
            <file>file:/G:/task%204/Task3.2/main.c</file>
        </group>
    </open-files>
</project-private>
